name,status,path_f1,risk_f1,bleu4,meteor,rougeL,ckpt,seconds
cb3_dinov2_seed1,ok,0.7594339622641509,0.8107569721115538,0.8610438116815167,0.9425335443373968,0.9276172352154954,checkpoints/runs/cb3_dinov2_seed1/epoch=04-val/loss=0.0876.ckpt,4044
enc_dinov2_L_seed1,ok,0.7572590011614402,0.7833698030634573,0.5926744434430139,0.7007557247513377,0.7026100875067732,checkpoints/runs/enc_dinov2_L_seed1/epoch=02-val/loss=0.0956.ckpt,4578
cb9_dinov2_seed2,ok,0.7526041666666666,0.7713310580204779,0.8693892365565876,0.9452595309639311,0.9317636739965428,checkpoints/runs/cb9_dinov2_seed2/epoch=02-val/loss=0.0894.ckpt,4835
cb9_dinov2_seed1,ok,0.7648514851485149,0.7995666305525461,0.8504220279361381,0.9261849211874855,0.9143707131788592,checkpoints/runs/cb9_dinov2_seed1/epoch=03-val/loss=0.0909.ckpt,5177
cb9_dinov2_seed3,ok,0.7580452920143027,0.7801724137931033,0.8643535871552557,0.9430427974287052,0.9280600288269992,checkpoints/runs/cb9_dinov2_seed3/epoch=05-val/loss=0.0926.ckpt,5704
cb3_dinov2_seed3,ok,0.7412935323383084,0.775055679287305,0.8614181587421531,0.9438599401032189,0.929182934767543,checkpoints/runs/cb3_dinov2_seed3/epoch=03-val/loss=0.0902.ckpt,6111
cb3_dinov2_seed2,ok,0.765196662693683,0.767154105736783,0.5797335517635617,0.6896680483879333,0.6956116777949551,checkpoints/runs/cb3_dinov2_seed2/epoch=04-val/loss=0.0929.ckpt,6720
enc_dinov2_L_seed2,ok,0.7758007117437722,0.7934893184130214,0.748329885668729,0.8345731223370426,0.8236126496606433,checkpoints/runs/enc_dinov2_L_seed2/epoch=01-val/loss=0.0905.ckpt,2382
enc_dinov3_L_seed1,ok,0.7486910994764399,0.729439809296782,0.8455394433927562,0.9232449581168347,0.9115845536400493,checkpoints/runs/enc_dinov3_L_seed1/epoch=01-val/loss=0.0885.ckpt,2368
enc_dinov2_L_seed3,ok,0.7588005215123859,0.7610619469026548,0.8238398120003093,0.901062893086782,0.891205979169384,checkpoints/runs/enc_dinov2_L_seed3/epoch=03-val/loss=0.0882.ckpt,2901
enc_dinov3_L_seed2,ok,0.7660069848661235,0.8101265822784811,0.8114831706533817,0.8937270426037764,0.8812210643335071,checkpoints/runs/enc_dinov3_L_seed2/epoch=02-val/loss=0.0905.ckpt,2702
vlm_qwen2vl_7b_seed1,ok,0.7072538860103627,0.761800219538968,0.8563545522122193,0.937893878946478,0.9253566850120051,checkpoints/vlm_qwen2vl_7b_seed1/final,8937
enc_dinov3_L_seed3,ok,0.7604290822407628,0.8141962421711901,0.8672151400509214,0.9459719664585403,0.9310261085613861,checkpoints/runs/enc_dinov3_L_seed3/epoch=02-val/loss=0.0886.ckpt,4048
enc_in21k_L_seed3,ok,0.7167630057803469,0.8048780487804877,0.8372257807088636,0.9199502925100715,0.9066586222593382,checkpoints/runs/enc_in21k_L_seed3/epoch=03-val/loss=0.0903.ckpt,2994
enc_in21k_L_seed2,ok,0.7393258426966293,0.8080808080808082,0.8545188305757481,0.9392364538222927,0.9230946323423734,checkpoints/runs/enc_in21k_L_seed2/epoch=06-val/loss=0.0919.ckpt,4019
enc_eva02_L_seed1,ok,0.7525423728813558,0.7772727272727273,0.7687641180588684,0.8524579436594493,0.844733108715045,checkpoints/runs/enc_eva02_L_seed1/epoch=03-val/loss=0.0911.ckpt,3267
enc_in21k_L_seed1,ok,0.7140974967061924,0.7517241379310345,0.8299881592330018,0.9122641013411106,0.8988734238153008,checkpoints/runs/enc_in21k_L_seed1/epoch=03-val/loss=0.0897.ckpt,4370
enc_eva02_L_seed2,ok,0.7427912341407151,0.765460910151692,0.8176039857691342,0.8983143087833884,0.8867838138572475,checkpoints/runs/enc_eva02_L_seed2/epoch=05-val/loss=0.0876.ckpt,4022
enc_raddino_seed1,ok,0.7533936651583711,0.763274336283186,0.861653112084614,0.9424035594691584,0.9279351464553206,checkpoints/runs/enc_raddino_seed1/epoch=01-val/loss=0.0856.ckpt,2175
vlm_qwen25vl_7b_seed1,ok,0.7236679058240396,0.7924130663856691,0.688903309338487,0.7883778152132104,0.7799543395484844,checkpoints/vlm_qwen25vl_7b_seed1/final,13118
enc_raddino_seed3,ok,0.7452830188679245,0.765375854214123,0.8629645459498813,0.9399622563318595,0.9285595701078332,checkpoints/runs/enc_raddino_seed3/epoch=02-val/loss=0.0931.ckpt,2611
enc_raddino_seed2,ok,0.7534883720930232,0.8055260361317746,0.5101982943900406,0.6377602275355234,0.6326962226943984,checkpoints/runs/enc_raddino_seed2/epoch=03-val/loss=0.0939.ckpt,2891
enc_eva02_L_seed3,ok,0.7365661861074705,0.8097251585623679,0.8534912366786498,0.9332185152212545,0.9173242288584941,checkpoints/runs/enc_eva02_L_seed3/epoch=01-val/loss=0.0867.ckpt,3941
enc_siglip_L_seed3,ok,0.7312072892938498,0.8011869436201782,0.3672781873329541,0.509092836617182,0.5112742105763753,checkpoints/runs/enc_siglip_L_seed3/epoch=01-val/loss=0.0923.ckpt,2595
enc_siglip_L_seed2,ok,0.7208556149732621,0.7780082987551867,0.8477604213236998,0.9350038270897754,0.9187458222519377,checkpoints/runs/enc_siglip_L_seed2/epoch=02-val/loss=0.0885.ckpt,3054
enc_siglip_L_seed1,ok,0.7209580838323353,0.7333333333333334,0.8550215231070727,0.9369711971465191,0.9241488285979688,checkpoints/runs/enc_siglip_L_seed1/epoch=05-val/loss=0.0909.ckpt,5637
dec_qwen32b_seed1,ok,0.7614457831325301,0.7531120331950208,0.18209598561830445,0.5594008655022091,0.32781337524485504,checkpoints/runs/dec_qwen32b_seed1/epoch=01-val/loss=0.1026.ckpt,12942
enc_uni2h_seed1,ok,0.6391752577319587,0.6846652267818575,0.8208630226823848,0.9209969415988828,0.903153161755103,checkpoints/runs/enc_uni2h_seed1/epoch=04-val/loss=0.0903.ckpt,3535
enc_uni2h_seed2,ok,0.5946666666666666,0.6278481012658228,0.8433344975987329,0.9345399188693881,0.9196390305793055,checkpoints/runs/enc_uni2h_seed2/epoch=04-val/loss=0.0878.ckpt,3959
enc_usfm_seed1,ok,0.7397260273972602,0.752,0.8448806124615905,0.9252776456071803,0.9140659487311481,checkpoints/runs/enc_usfm_seed1/epoch=02-val/loss=0.0893.ckpt,2924
enc_usfm_seed2,ok,0.7216494845360825,0.7885375494071146,0.8533676366784444,0.9399786597643697,0.923996196786276,checkpoints/runs/enc_usfm_seed2/epoch=02-val/loss=0.0880.ckpt,2755
enc_dinov2_B_seed1,ok,0.7376344086021505,0.7840172786177105,0.8537774091793908,0.9372015066319583,0.9235048304886077,checkpoints/runs/enc_dinov2_B_seed1/epoch=02-val/loss=0.0894.ckpt,2687
enc_uni2h_seed3,ok,0.665964172813488,0.6808988764044944,0.8298513018447434,0.9259161466681612,0.9108189248693581,checkpoints/runs/enc_uni2h_seed3/epoch=06-val/loss=0.0908.ckpt,6083
enc_usfm_seed3,ok,0.7358024691358026,0.7655719139297849,0.8670036811079996,0.9430039508360253,0.9305372286107986,checkpoints/runs/enc_usfm_seed3/epoch=04-val/loss=0.0887.ckpt,4156
vlm_internvl3_8b_seed1,ok,0.6937590711175616,0.8336798336798337,0.8076115528919989,0.8889450881758997,0.8762542012379622,checkpoints/vlm_internvl3_8b_seed1/final,12193
enc_dinov2_B_seed3,ok,0.7737397420867527,0.7969598262757872,0.5906902444721873,0.7043202796742406,0.6979332724597512,checkpoints/runs/enc_dinov2_B_seed3/epoch=03-val/loss=0.0850.ckpt,2967
enc_dinov2_B_seed2,ok,0.7235494880546075,0.8119834710743802,0.7911185664046572,0.8777505573908473,0.8661110593881991,checkpoints/runs/enc_dinov2_B_seed2/epoch=04-val/loss=0.0900.ckpt,3415
dec_qwen14b_seed1,ok,0.7632950990615224,0.7995889003083247,0.1901328715770382,0.6215042019080772,0.3389324727068489,checkpoints/runs/dec_qwen14b_seed1/epoch=03-val/loss=0.0957.ckpt,4280
dec_qwen7b_seed1,ok,0.7539393939393938,0.7819548872180451,0.19773938330234944,0.6431381976239005,0.3545278046670475,checkpoints/runs/dec_qwen7b_seed1/epoch=06-val/loss=0.0965.ckpt,3546
dec_qwen72b_seed1,ok,0.751357220412595,0.7815126050420168,0.22073033247384072,0.7007655526470489,0.3946240743016773,checkpoints/runs/dec_qwen72b_seed1/epoch=00-val/loss=0.1033.ckpt,20575
dec_qwen7b_seed2,ok,0.7521186440677966,0.7834394904458599,0.21480871942587967,0.6697207162304419,0.35999966481270784,checkpoints/runs/dec_qwen7b_seed2/epoch=03-val/loss=0.0970.ckpt,2725
dec_qwen3b_seed1,ok,0.7537154989384288,0.7950819672131147,0.19720854876084784,0.6506509489740542,0.33193564842276224,checkpoints/runs/dec_qwen3b_seed1/epoch=01-val/loss=0.0988.ckpt,1957
dec_qwen7b_seed3,ok,0.7449664429530202,0.7539863325740318,0.1278353215616483,0.5132524454461691,0.2762420668704025,checkpoints/runs/dec_qwen7b_seed3/epoch=04-val/loss=0.0979.ckpt,2873
dec_qwen0_5b_seed1,ok,0.7601918465227818,0.7934560327198363,0.21665466413666576,0.641121970051098,0.6010631685801671,checkpoints/runs/dec_qwen0_5b_seed1/epoch=03-val/loss=0.0953.ckpt,1611
dec_qwen3b_seed3,ok,0.7706855791962175,0.7773019271948608,0.10732661016907219,0.49094035960358884,0.2529517379355538,checkpoints/runs/dec_qwen3b_seed3/epoch=04-val/loss=0.0983.ckpt,2532
dec_qwen3b_seed2,ok,0.7637178051511758,0.7991675338189387,0.2252348619798637,0.6229115612698409,0.38838257053731545,checkpoints/runs/dec_qwen3b_seed2/epoch=09-val/loss=0.0976.ckpt,2934
dec_qwen0_5b_seed2,ok,0.7706855791962175,0.76,0.21930350057525805,0.7046642090054775,0.37641313189218945,checkpoints/runs/dec_qwen0_5b_seed2/epoch=05-val/loss=0.0969.ckpt,1813
dec_qwen0_5b_seed3,ok,0.7723480333730632,0.7898477157360405,0.23321962626459922,0.6978303239478686,0.39561261340658904,checkpoints/runs/dec_qwen0_5b_seed3/epoch=05-val/loss=0.0946.ckpt,1847
dec_qwen1_5b_seed1,ok,0.7768595041322314,0.7924130663856691,0.21385228424035518,0.672375952107243,0.3802293555861126,checkpoints/runs/dec_qwen1_5b_seed1/epoch=05-val/loss=0.0972.ckpt,2076
dec_qwen1_5b_seed2,ok,0.7686567164179104,0.7667386609071275,0.19884703389622696,0.6691471583934914,0.4551543844990381,checkpoints/runs/dec_qwen1_5b_seed2/epoch=05-val/loss=0.0971.ckpt,2116
dec_qwen1_5b_seed3,ok,0.7585365853658537,0.7890870933892971,0.21485662426303065,0.6833602493123714,0.3687791432066168,checkpoints/runs/dec_qwen1_5b_seed3/epoch=07-val/loss=0.0970.ckpt,2212
vlm_qwen2vl_7b_seed2,ok,0.5642737896494157,0.7238095238095237,0.38830336087655754,0.5261410458825737,0.5365786241443673,checkpoints/vlm_qwen2vl_7b_seed2/final,6552
vlm_qwen2vl_7b_seed3,ok,0.6549192364170338,0.7018404907975461,0.8028815621576976,0.887848526428379,0.8771908401953166,checkpoints/vlm_qwen2vl_7b_seed3/final,7039
vlm_qwen25vl_7b_seed2,ok,0.7335562987736901,0.7032967032967034,0.10999967447231691,0.32011455284995005,0.3251344760101596,checkpoints/vlm_qwen25vl_7b_seed2/final,11140
vlm_internvl3_8b_seed2,ok,0.6626506024096386,0.7497005988023953,0.15608907505819897,0.3230407826964748,0.36008182241104103,checkpoints/vlm_internvl3_8b_seed2/final,11815
vlm_internvl3_8b_seed3,ok,0.7356948228882834,0.8196721311475409,0.8807945061841688,0.949132712077147,0.9385149361955226,checkpoints/vlm_internvl3_8b_seed3/final,12142
vlm_qwen25vl_7b_seed3,ok,0.7380073800738008,0.7678767876787679,0.3339687312425338,0.484465849981604,0.49005709816475884,checkpoints/vlm_qwen25vl_7b_seed3/final,12699
dec_qwen0_5b_seed1,ok,0.7634146341463414,0.787434554973822,0.7292907294839929,0.8239475209990593,0.81367080075864,checkpoints/runs/dec_qwen0_5b_seed1/epoch=03-val/loss=0.0953.ckpt,0
dec_qwen0_5b_seed2,ok,0.7741935483870968,0.7592385218365061,0.8357798640679578,0.9161445969887034,0.9036779808339752,checkpoints/runs/dec_qwen0_5b_seed2/epoch=05-val/loss=0.0969.ckpt,0
dec_qwen0_5b_seed3,ok,0.7746650426309379,0.7789473684210526,0.8248765745313409,0.9072142675918602,0.8932239252175614,checkpoints/runs/dec_qwen0_5b_seed3/epoch=05-val/loss=0.0946.ckpt,0
dec_qwen14b_seed1,ok,0.7637130801687764,0.7890870933892971,0.5334938919080436,0.6526321239789236,0.6505219029409254,checkpoints/runs/dec_qwen14b_seed1/epoch=03-val/loss=0.0957.ckpt,0
dec_qwen1_5b_seed1,ok,0.7651162790697674,0.7858672376873662,0.8145661093199553,0.8983759077713894,0.8858850040255368,checkpoints/runs/dec_qwen1_5b_seed1/epoch=05-val/loss=0.0972.ckpt,0
dec_qwen1_5b_seed2,ok,0.7680981595092025,0.7581552305961755,0.41027075220717923,0.5531873067463524,0.5519500496562724,checkpoints/runs/dec_qwen1_5b_seed2/epoch=05-val/loss=0.0971.ckpt,0
dec_qwen1_5b_seed3,ok,0.7677725118483412,0.7889713679745493,0.8197251545578859,0.9021162747531056,0.8892974769753919,checkpoints/runs/dec_qwen1_5b_seed3/epoch=07-val/loss=0.0970.ckpt,0
dec_qwen32b_seed1,ok,0.7664670658682634,0.7521008403361343,0.33320465821573697,0.48366498148816345,0.484542592072743,checkpoints/runs/dec_qwen32b_seed1/epoch=01-val/loss=0.1026.ckpt,0
dec_qwen3b_seed1,ok,0.7585492227979274,0.7895833333333333,0.7765799958312712,0.8679660416925644,0.8573118571100381,checkpoints/runs/dec_qwen3b_seed1/epoch=01-val/loss=0.0988.ckpt,0
dec_qwen3b_seed2,ok,0.7701019252548131,0.7881981032665965,0.7145337118499931,0.8102441141827921,0.8004454260388763,checkpoints/runs/dec_qwen3b_seed2/epoch=09-val/loss=0.0976.ckpt,0
dec_qwen3b_seed3,ok,0.7635524798154556,0.7745415318230852,0.4655338311676454,0.5981381245086667,0.5952839854857125,checkpoints/runs/dec_qwen3b_seed3/epoch=04-val/loss=0.0983.ckpt,0
dec_qwen72b_seed1,ok,0.7519125683060108,0.7776560788608982,0.7617359433680739,0.8558176507696503,0.8446018637903646,checkpoints/runs/dec_qwen72b_seed1/epoch=00-val/loss=0.1033.ckpt,0
dec_qwen7b_seed1,ok,0.765906362545018,0.7763157894736842,0.850370987564133,0.9309529561894786,0.9175591527728999,checkpoints/runs/dec_qwen7b_seed1/epoch=06-val/loss=0.0965.ckpt,0
dec_qwen7b_seed2,ok,0.7560439560439561,0.7717391304347825,0.8504567141958668,0.9322648574762302,0.919668125808045,checkpoints/runs/dec_qwen7b_seed2/epoch=03-val/loss=0.0970.ckpt,0
dec_qwen7b_seed3,ok,0.7686996547756042,0.7471264367816092,0.8068826446893803,0.8914748372303558,0.8802803195490538,checkpoints/runs/dec_qwen7b_seed3/epoch=04-val/loss=0.0979.ckpt,0
cb9_dinov2_seed3,ok,0.723404255319149,0.7582292849035188,0.8615726801328725,0.9391328218122466,0.9253197548384959,checkpoints/runs/cb9_dinov2_seed3/epoch=05-val/loss=0.0926.ckpt,286
cb9_dinov2_seed2,ok,0.6906077348066298,0.7335722819593787,0.8674038049442628,0.9434360673261578,0.931118619556856,checkpoints/runs/cb9_dinov2_seed2/epoch=02-val/loss=0.0894.ckpt,303
cb3_dinov2_seed2,ok,0.7288343558282209,0.7261613691931541,0.5370075195278439,0.6534048843169272,0.6633095839023673,checkpoints/runs/cb3_dinov2_seed2/epoch=04-val/loss=0.0929.ckpt,306
cb3_dinov2_seed3,ok,0.7279894875164257,0.7384615384615385,0.8639332491169386,0.9431151554039465,0.9301174136582228,checkpoints/runs/cb3_dinov2_seed3/epoch=03-val/loss=0.0902.ckpt,313
cb9_dinov2_seed1,ok,0.7185473411154345,0.7673098751418842,0.8403986191716235,0.9183783499569433,0.9076269523342654,checkpoints/runs/cb9_dinov2_seed1/epoch=03-val/loss=0.0909.ckpt,320
enc_dinov2_L_seed1,ok,0.7313432835820894,0.7485380116959064,0.6136737477243873,0.7197417021569485,0.7217306756696041,checkpoints/runs/enc_dinov2_L_seed1/epoch=02-val/loss=0.0956.ckpt,324
enc_dinov2_L_seed2,ok,0.7390180878552972,0.7951807228915663,0.7252018838720156,0.814827506684245,0.8068206273438817,checkpoints/runs/enc_dinov2_L_seed2/epoch=01-val/loss=0.0905.ckpt,346
cb3_dinov2_seed1,ok,0.7013698630136985,0.8051948051948052,0.8623368892268296,0.9408740295312089,0.9280805231319871,checkpoints/runs/cb3_dinov2_seed1/epoch=04-val/loss=0.0876.ckpt,352
enc_dinov2_L_seed3,ok,0.6990014265335235,0.7465116279069768,0.7950326055767679,0.8764906741694845,0.8682389378982194,checkpoints/runs/enc_dinov2_L_seed3/epoch=03-val/loss=0.0882.ckpt,338
enc_in21k_L_seed2,ok,0.7440758293838863,0.8008429926238145,0.8535072041257227,0.9328364136560028,0.9186141887187027,checkpoints/runs/enc_in21k_L_seed2/epoch=06-val/loss=0.0919.ckpt,316
enc_in21k_L_seed3,ok,0.7255369928400955,0.7966976264189888,0.8381894824590108,0.9187123485805226,0.9061806437404285,checkpoints/runs/enc_in21k_L_seed3/epoch=03-val/loss=0.0903.ckpt,320
enc_dinov3_L_seed2,ok,0.7438423645320197,0.7806524184476941,0.8134215025802852,0.8956111910096881,0.8835092136094347,checkpoints/runs/enc_dinov3_L_seed2/epoch=02-val/loss=0.0905.ckpt,364
enc_dinov3_L_seed1,ok,0.7265625,0.7266272189349112,0.8318022624391437,0.9116160994234346,0.9013247962069372,checkpoints/runs/enc_dinov3_L_seed1/epoch=01-val/loss=0.0885.ckpt,382
enc_in21k_L_seed1,ok,0.6790830945558739,0.6905055487053021,0.8331074354683459,0.9158611223899449,0.9036388022188041,checkpoints/runs/enc_in21k_L_seed1/epoch=03-val/loss=0.0897.ckpt,402
enc_dinov3_L_seed3,ok,0.7555555555555555,0.7938931297709924,0.8690666044426765,0.9442031258323631,0.9306420408077876,checkpoints/runs/enc_dinov3_L_seed3/epoch=02-val/loss=0.0886.ckpt,412
enc_eva02_L_seed1,ok,0.6936572199730094,0.8133764832793958,0.7556312375384225,0.8395949632614194,0.8325700118762173,checkpoints/runs/enc_eva02_L_seed1/epoch=03-val/loss=0.0911.ckpt,382
enc_eva02_L_seed2,ok,0.764423076923077,0.7710011507479861,0.8396184907493823,0.9156841355296012,0.9043000151969683,checkpoints/runs/enc_eva02_L_seed2/epoch=05-val/loss=0.0876.ckpt,307
enc_raddino_seed3,ok,0.7336814621409922,0.7652582159624414,0.8657513890695957,0.9398464568416137,0.9294332777762844,checkpoints/runs/enc_raddino_seed3/epoch=02-val/loss=0.0931.ckpt,272
enc_eva02_L_seed3,ok,0.6859623733719247,0.8266384778012684,0.8648710380707706,0.9426043484835319,0.9273451849672155,checkpoints/runs/enc_eva02_L_seed3/epoch=01-val/loss=0.0867.ckpt,333
enc_raddino_seed1,ok,0.713375796178344,0.7554535017221584,0.8660396275743019,0.943287611058386,0.9296429850921791,checkpoints/runs/enc_raddino_seed1/epoch=01-val/loss=0.0856.ckpt,326
enc_siglip_L_seed2,ok,0.7126436781609196,0.7767857142857143,0.8376670860411661,0.9169626225875119,0.903409851875201,checkpoints/runs/enc_siglip_L_seed2/epoch=02-val/loss=0.0885.ckpt,300
enc_siglip_L_seed1,ok,0.6956521739130435,0.7045735475896169,0.8571120932455454,0.9358274690727176,0.9244254338347776,checkpoints/runs/enc_siglip_L_seed1/epoch=05-val/loss=0.0909.ckpt,302
enc_raddino_seed2,ok,0.729064039408867,0.7982646420824295,0.5016272759969113,0.6304928185074631,0.6260682320695168,checkpoints/runs/enc_raddino_seed2/epoch=03-val/loss=0.0939.ckpt,362
enc_siglip_L_seed3,ok,0.7408312958435208,0.8021052631578948,0.3556044916576467,0.5012054210546034,0.5042068516454367,checkpoints/runs/enc_siglip_L_seed3/epoch=01-val/loss=0.0923.ckpt,371
enc_uni2h_seed1,ok,0.6877470355731227,0.7281105990783409,0.8434020306122318,0.9265974633820253,0.913319096204668,checkpoints/runs/enc_uni2h_seed1/epoch=04-val/loss=0.0903.ckpt,319
enc_dinov2_B_seed1,ok,0.7451923076923077,0.7625730994152046,0.857233492923987,0.93607013923722,0.9250389193024248,checkpoints/runs/enc_dinov2_B_seed1/epoch=02-val/loss=0.0894.ckpt,231
enc_uni2h_seed2,ok,0.7129987129987131,0.735576923076923,0.8631704349826266,0.941439070468788,0.9278832534498385,checkpoints/runs/enc_uni2h_seed2/epoch=04-val/loss=0.0878.ckpt,364
enc_uni2h_seed3,ok,0.6952264381884945,0.7,0.8393423382810452,0.9234137702293044,0.911188253005875,checkpoints/runs/enc_uni2h_seed3/epoch=06-val/loss=0.0908.ckpt,358
enc_dinov2_B_seed2,ok,0.7335811648079307,0.7999999999999999,0.7647889296705129,0.8531442568033152,0.8432158722087426,checkpoints/runs/enc_dinov2_B_seed2/epoch=04-val/loss=0.0900.ckpt,232
enc_usfm_seed1,ok,0.6984993178717599,0.7391304347826088,0.8498069178516847,0.9266501180149622,0.9168023811164855,checkpoints/runs/enc_usfm_seed1/epoch=02-val/loss=0.0893.ckpt,349
enc_usfm_seed2,ok,0.7395498392282958,0.7983539094650206,0.8641265029994649,0.9436253910781845,0.9289580871699238,checkpoints/runs/enc_usfm_seed2/epoch=02-val/loss=0.0880.ckpt,348
enc_usfm_seed3,ok,0.6647887323943661,0.7281553398058253,0.8630517266658367,0.9393432062984631,0.9271492826223554,checkpoints/runs/enc_usfm_seed3/epoch=04-val/loss=0.0887.ckpt,368
dec_qwen7b_seed2,ok,0.7202970297029703,0.7132352941176471,0.8395442158158771,0.9221874564490636,0.9123786233985927,checkpoints/runs/dec_qwen7b_seed2/epoch=03-val/loss=0.0970.ckpt,188
enc_dinov2_B_seed3,ok,0.7293519695044471,0.7627695800227016,0.5981534585674162,0.710452706072386,0.7045376784303965,checkpoints/runs/enc_dinov2_B_seed3/epoch=03-val/loss=0.0850.ckpt,289
dec_qwen7b_seed1,ok,0.7057220708446866,0.7383512544802867,0.8466600768786497,0.9276523874796406,0.9162475893811706,checkpoints/runs/dec_qwen7b_seed1/epoch=06-val/loss=0.0965.ckpt,216
dec_qwen3b_seed1,ok,0.7393800229621125,0.7761529808773903,0.7855978258648807,0.8726514667292609,0.8634516970234845,checkpoints/runs/dec_qwen3b_seed1/epoch=01-val/loss=0.0988.ckpt,230
dec_qwen0_5b_seed1,ok,0.673323823109843,0.7653179190751447,0.7557372474583804,0.8477239034728349,0.8381421650358035,checkpoints/runs/dec_qwen0_5b_seed1/epoch=03-val/loss=0.0953.ckpt,175
dec_qwen3b_seed2,ok,0.7100893997445722,0.7569444444444445,0.7255424490736898,0.8197120970431441,0.8114863578457993,checkpoints/runs/dec_qwen3b_seed2/epoch=09-val/loss=0.0976.ckpt,221
dec_qwen0_5b_seed2,ok,0.7321428571428572,0.7279322853688031,0.8442282944459913,0.9235494772783719,0.9128248404593859,checkpoints/runs/dec_qwen0_5b_seed2/epoch=05-val/loss=0.0969.ckpt,190
dec_qwen3b_seed3,ok,0.7066666666666666,0.7204819277108433,0.44923167240915796,0.5871390926337567,0.5862641784585049,checkpoints/runs/dec_qwen3b_seed3/epoch=04-val/loss=0.0983.ckpt,253
dec_qwen0_5b_seed3,ok,0.6845070422535211,0.7347417840375586,0.8197997826420748,0.9018153403706006,0.8902344806729017,checkpoints/runs/dec_qwen0_5b_seed3/epoch=05-val/loss=0.0946.ckpt,178
dec_qwen1_5b_seed2,ok,0.6835443037974684,0.707920792079208,0.35423228479493485,0.5020739340712014,0.5035852712348816,checkpoints/runs/dec_qwen1_5b_seed2/epoch=05-val/loss=0.0971.ckpt,217
dec_qwen1_5b_seed1,ok,0.7174770039421814,0.7452830188679245,0.7877274897963983,0.8758594083838699,0.8661015629280694,checkpoints/runs/dec_qwen1_5b_seed1/epoch=05-val/loss=0.0972.ckpt,227
dec_qwen1_5b_seed3,ok,0.7096774193548387,0.7485515643105447,0.8241184278812884,0.9051972390481191,0.894595949601847,checkpoints/runs/dec_qwen1_5b_seed3/epoch=07-val/loss=0.0970.ckpt,207
dec_qwen32b_seed1,eval_fail_rc1,,,,,,checkpoints/runs/dec_qwen32b_seed1/epoch=01-val/loss=0.1026.ckpt,86
dec_qwen7b_seed3,ok,0.7144754316069057,0.682741116751269,0.8142662155945211,0.8989597917934214,0.8890817512098305,checkpoints/runs/dec_qwen7b_seed3/epoch=04-val/loss=0.0979.ckpt,242
dec_qwen14b_seed1,ok,0.740139211136891,0.7560693641618496,0.6052053393423066,0.7151744966490661,0.7119890489775088,checkpoints/runs/dec_qwen14b_seed1/epoch=03-val/loss=0.0957.ckpt,325
dec_qwen72b_seed1,ok,0.7212713936430318,0.7255369928400954,0.7812539591361846,0.8700195471226566,0.8594595087709903,checkpoints/runs/dec_qwen72b_seed1/epoch=00-val/loss=0.1033.ckpt,894
dec_qwen32b_seed1,ok,0.6978021978021979,0.6763990267639903,0.27247902451432177,0.43258865637411814,0.4365097738081467,checkpoints/runs/dec_qwen32b_seed1/epoch=01-val/loss=0.1026.ckpt,407
