name,status,path_f1,risk_f1,bleu4,meteor,rougeL,ckpt,seconds
cb_dim32,ok,0.6940451745379876,0.7110091743119266,0.8036473005651357,0.8955042643669732,0.8829089563498148,checkpoints/weekend/cb_dim32/epoch=02-val/loss=0.0825.ckpt,5818
cb_dim128,ok,0.686626746506986,0.7115384615384615,0.7891802901421963,0.8885058552899737,0.8726089357124445,checkpoints/weekend/cb_dim128/epoch=02-val/loss=0.0808.ckpt,5723
cb_dim256,ok,0.6778947368421053,0.7631027253668763,0.8339125049201243,0.923151239867372,0.9093640607249408,checkpoints/weekend/cb_dim256/epoch=02-val/loss=0.0818.ckpt,4812
cb_hard,ok,0.6914660831509848,0.5941644562334217,0.7874652564322543,0.8865663480295932,0.8706021780069387,checkpoints/weekend/cb_hard/epoch=03-val/loss=0.0869.ckpt,5511
cb_resid64,ok,0.6970297029702971,0.6747572815533981,0.8125678740703571,0.913362717511644,0.8931313665115983,checkpoints/weekend/cb_resid64/epoch=03-val/loss=0.0796.ckpt,4975
cb_resid256,ok,0.7005870841487278,0.7473002159827213,0.8259523233032321,0.9255204584044361,0.904644751965574,checkpoints/weekend/cb_resid256/epoch=02-val/loss=0.0770.ckpt,5322
mq_k4,ok,0.7054409005628518,0.6952380952380952,0.813186404489962,0.9042835666895475,0.8873831789203231,checkpoints/weekend/mq_k4/epoch=03-val/loss=0.0775.ckpt,7333
mq_k8,ok,0.6842105263157894,0.6204986149584487,0.789226559342626,0.8838776315205823,0.8685404732357235,checkpoints/weekend/mq_k8/epoch=02-val/loss=0.0754.ckpt,7352
mq_k16,ok,0.6229508196721313,0.6938775510204082,0.7081296684028396,0.8156056397070133,0.8006529128611127,checkpoints/weekend/mq_k16/epoch=02-val/loss=0.0787.ckpt,6976
mq_k32,ok,0.7047970479704797,0.6451612903225806,0.7879428528784876,0.8849301139005246,0.8687272568735278,checkpoints/weekend/mq_k32/epoch=03-val/loss=0.0762.ckpt,7275
cb_qwen0_5b,finetune_fail_rc1,,,,,,,78
cb_qwen1_5b,finetune_fail_rc1,,,,,,,106
x_dinov2,ok,0.7530864197530862,0.7919191919191919,0.832767398636997,0.9127722435070195,0.9002497086027604,checkpoints/weekend/x_dinov2/epoch=01-val/loss=0.0849.ckpt,6238
dinov2_cb,ok,0.7456896551724138,0.7868852459016394,0.8287077268441354,0.9139470530290876,0.8991334547060947,checkpoints/weekend/dinov2_cb/epoch=04-val/loss=0.0828.ckpt,6200
dinov2_cb_resid256,ok,0.7417218543046357,0.8048780487804879,0.8445807185831327,0.9231012257868203,0.9104872882980266,checkpoints/weekend/dinov2_cb_resid256/epoch=01-val/loss=0.0810.ckpt,5312
dinov2_seed1,ok,0.7347826086956523,0.7855421686746988,0.7541641986906148,0.8462552678509432,0.8353459337363678,checkpoints/weekend/dinov2_seed1/epoch=02-val/loss=0.0856.ckpt,7096
dinov2_seed2,ok,0.7837259100642399,0.8093220338983051,0.842369305991112,0.9195683370810347,0.9058491351914304,checkpoints/weekend/dinov2_seed2/epoch=03-val/loss=0.0779.ckpt,8009
x_dinov2_base,ok,0.7526881720430106,0.7937915742793791,0.8170595409834899,0.896593628101375,0.8801308724647217,checkpoints/weekend/x_dinov2_base/epoch=02-val/loss=0.0832.ckpt,6352
x_raddino,pretrain_fail_rc1,,,,,,,8
cb_qwen0_5b,ok,0.6927592954990215,0.6549999999999999,0.7532829971484302,0.8962215671997125,0.8617796204335877,checkpoints/weekend/cb_qwen0_5b/epoch=01-val/loss=0.0857.ckpt,1659
cb_qwen1_5b,ok,0.6923076923076924,0.7657841140529531,0.25646959842964806,0.6875613977816825,0.42971523853876953,checkpoints/weekend/cb_qwen1_5b/epoch=01-val/loss=0.0862.ckpt,2388
enc_siglip_L,ok,0.7377049180327869,0.79296875,0.8213147580522275,0.9062393780635256,0.890315970857418,checkpoints/weekend/enc_siglip_L/epoch=04-val/loss=0.0813.ckpt,7005
enc_clip_L,ok,0.6776859504132232,0.76036866359447,0.8042586932574546,0.8919643283377929,0.8766207319160033,checkpoints/weekend/enc_clip_L/epoch=02-val/loss=0.0764.ckpt,5972
enc_in21k_L,ok,0.7517084282460136,0.7705382436260624,0.7459928620943053,0.8392572190067673,0.8266404884504666,checkpoints/weekend/enc_in21k_L/epoch=03-val/loss=0.0843.ckpt,5710
dinov2_pred4,ok,0.7473002159827213,0.8008752735229758,0.8155623634818415,0.9009736577712709,0.885829974046264,checkpoints/weekend/dinov2_pred4/epoch=01-val/loss=0.0842.ckpt,6461
dinov2_pred12,ok,0.6972111553784861,0.7927565392354126,0.8225351177765167,0.9104906004873217,0.8941498360855631,checkpoints/weekend/dinov2_pred12/epoch=05-val/loss=0.0835.ckpt,6858
dinov2_mq8,ok,0.7606837606837608,0.7835051546391752,0.8232272200736441,0.9073952564598033,0.8901275885768303,checkpoints/weekend/dinov2_mq8/epoch=01-val/loss=0.0840.ckpt,6459
dinov2_ybiobert,ok,0.7527352297592997,0.8024948024948025,0.832020010855676,0.9147174941684798,0.8992323453783764,checkpoints/weekend/dinov2_ybiobert/epoch=04-val/loss=0.0832.ckpt,7143
dinov2_qwen0_5b,ok,0.756989247311828,0.7863247863247862,0.8002740226707854,0.8869129635792701,0.8711177024952985,checkpoints/weekend/dinov2_qwen0_5b/epoch=02-val/loss=0.0835.ckpt,1513
dinov2_qwen1_5b,ok,0.7390300230946881,0.8059149722735675,0.2706468132908721,0.7027835167964017,0.4204698585896493,checkpoints/weekend/dinov2_qwen1_5b/epoch=01-val/loss=0.0837.ckpt,2203
dec_meditron7b,finetune_fail_rc1,,,,,,,794
dec_medgemma4b,finetune_fail_rc1,,,,,,,809
dec_medgemma27b,finetune_fail_rc1,,,,,,,73
dec_meditron70b,finetune_fail_rc1,,,,,,,63
vlm_internvl3_8b,train_fail_rc1,,,,,,,45
vlm_medgemma_4b,train_fail_rc1,,,,,,,17
vlm_llama32_11b,train_fail_rc1,,,,,,,43
vlm_internvl3_8b,train_fail_rc1,,,,,,,527
dec_openbiollm70b,finetune_fail_rc1,,,,,,,1801
dec_openbiollm8b,finetune_fail_rc137,,,,,,,9901
enc_aimv2_L,finetune_fail_rc137,,,,,,,13688
enc_dinov3_L,finetune_fail_rc137,,,,,,,14369
dec_biomistral7b,ok,0.7446808510638299,0.793859649122807,0.7756717499712229,0.8671865558978807,0.8484728962409483,checkpoints/weekend/dec_biomistral7b/epoch=01-val/loss=0.0736.ckpt,17015
dec_qwen7b,ok,0.759656652360515,0.807920792079208,0.2501712056832293,0.6720185243558632,0.4196403972214762,checkpoints/weekend/dec_qwen7b/epoch=00-val/loss=0.0833.ckpt,17318
dec_qwen7b,skip,0.759656652360515,0.807920792079208,0.2501712056832293,0.6720185243558632,0.4196403972214762,,
dec_biomistral7b,skip,0.7446808510638299,0.793859649122807,0.7756717499712229,0.8671865558978807,0.8484728962409483,,
dec_medgemma27b,finetune_fail_rc137,,,,,,,2968
dec_openbiollm8b,ok,0.746987951807229,0.8063872255489022,0.8107569290382606,0.9062885107854394,0.8854757666483478,checkpoints/weekend/dec_openbiollm8b/epoch=02-val/loss=0.0828.ckpt,6060
enc_dinov3_L,finetune_fail_rc137,,,,,,,3865
enc_dinov3_L,ok (salvaged),0.7803837953091685,0.7330316742081447,0.8452423083532927,0.9209220890880901,0.9082671838561663,checkpoints/weekend/enc_dinov3_L/epoch=02-val/loss=0.0768.ckpt,
dec_meditron7b,ok,0.8200836820083682,0.8732394366197184,0.10987847901777283,0.23899593187613044,0.1631231173677434,checkpoints/weekend/dec_meditron7b/epoch=04-val/loss=0.3580.ckpt,7548
dec_medgemma4b,ok,0.756152125279642,0.8058608058608058,0.24285733704169488,0.7415047707193514,0.5455619515456873,checkpoints/weekend/dec_medgemma4b/epoch=05-val/loss=0.0941.ckpt,7733
enc_aimv2_L,finetune_fail_rc137,,,,,,,2064
enc_dinov2reg_L,finetune_fail_rc137,,,,,,,926
enc_medsiglip,pretrain_fail_rc1,,,,,,,126
dec_qwen7b,skip,0.759656652360515,0.807920792079208,0.2501712056832293,0.6720185243558632,0.4196403972214762,,
dec_openbiollm8b,skip,0.746987951807229,0.8063872255489022,0.8107569290382606,0.9062885107854394,0.8854757666483478,,
dec_biomistral7b,skip,0.7446808510638299,0.793859649122807,0.7756717499712229,0.8671865558978807,0.8484728962409483,,
dec_medgemma4b,skip,0.756152125279642,0.8058608058608058,0.24285733704169488,0.7415047707193514,0.5455619515456873,,
enc_dinov3_L,skip,0.7803837953091685,0.7330316742081447,0.8452423083532927,0.9209220890880901,0.9082671838561663,,
dec_meditron7b,skip,0.8200836820083682,0.8732394366197184,0.10987847901777283,0.23899593187613044,0.1631231173677434,,
enc_dinov2reg_L,eval_fail_rc1,,,,,,checkpoints/weekend/enc_dinov2reg_L/epoch=00-val/loss=0.0844.ckpt,1349
enc_raddino,ok,0.7571115973741794,0.7931034482758621,0.8424406267378942,0.9203939447823711,0.9096484258272657,checkpoints/weekend/enc_raddino/epoch=00-val/loss=0.0841.ckpt,1580
enc_eva02_L,eval_fail_rc1,,,,,,checkpoints/weekend/enc_eva02_L/epoch=00-val/loss=0.0755.ckpt,1741
enc_aimv2_L,ok,0.7194570135746607,0.808695652173913,0.769347574448832,0.8536654532552819,0.8412006877207228,checkpoints/weekend/enc_aimv2_L/epoch=00-val/loss=0.0864.ckpt,2039
dec_qwen7b,skip,0.759656652360515,0.807920792079208,0.2501712056832293,0.6720185243558632,0.4196403972214762,,
dec_biomistral7b,skip,0.7446808510638299,0.793859649122807,0.7756717499712229,0.8671865558978807,0.8484728962409483,,
dec_openbiollm8b,skip,0.746987951807229,0.8063872255489022,0.8107569290382606,0.9062885107854394,0.8854757666483478,,
dec_medgemma4b,skip,0.756152125279642,0.8058608058608058,0.24285733704169488,0.7415047707193514,0.5455619515456873,,
dec_meditron7b,skip,0.8200836820083682,0.8732394366197184,0.10987847901777283,0.23899593187613044,0.1631231173677434,,
enc_dinov3_L,skip,0.7803837953091685,0.7330316742081447,0.8452423083532927,0.9209220890880901,0.9082671838561663,,
enc_aimv2_L,skip,0.7194570135746607,0.808695652173913,0.769347574448832,0.8536654532552819,0.8412006877207228,,
enc_raddino,skip,0.7571115973741794,0.7931034482758621,0.8424406267378942,0.9203939447823711,0.9096484258272657,,
yenc_sapbert,finetune_fail_rc137,,,,,,,1287
enc_siglip2_L,finetune_fail_rc137,,,,,,,1365
enc_dinov2reg_L,ok,0.726457399103139,0.7568807339449541,0.8329460756973965,0.9113117344605786,0.8996960747800937,checkpoints/weekend/enc_dinov2reg_L/epoch=00-val/loss=0.0795.ckpt,2221
enc_eva02_L,ok,0.7467248908296943,0.8114035087719298,0.8156384535751674,0.8963666484539589,0.883901050153649,checkpoints/weekend/enc_eva02_L/epoch=01-val/loss=0.0799.ckpt,2228
yenc_scibert,exception:TimeoutExpired,,,,,,,36000
enc_aimv2_H,finetune_fail_rc137,,,,,,,38748
yenc_pubmedbert,ok,0.7563025210084033,0.7505720823798628,0.8040315104410356,0.8844589654892439,0.8731372260612537,checkpoints/weekend/yenc_pubmedbert/epoch=01-val/loss=0.0824.ckpt,39738
vlm_qwen25vl_7b,ok,0.7714987714987716,0.7981859410430838,0.80817586412387,0.886284718098973,0.8748966282091277,checkpoints/vlm_qwen25vl_7b/final,42595
vlm_medgemma_4b,train_fail_rc1,,,,,,,51
enc_dinov3_Hplus,exception:TimeoutExpired,,,,,,,41820
vlm_internvl3_8b,ok,0.7710843373493976,0.8463949843260188,0.5621864102455799,0.6751524640521543,0.6740244425722526,checkpoints/vlm_internvl3_8b/final,46917
enc_dinov2_giant,ok,0.7591836734693878,0.8289473684210527,0.7964006870692921,0.8824164292877897,0.8675626104044325,checkpoints/weekend/enc_dinov2_giant/epoch=04-val/loss=0.0822.ckpt,12136
vlm_llama32_11b,ok,0.7456140350877192,0.8155737704918032,0.8666092401268458,0.9383027177993599,0.9247304900976285,checkpoints/vlm_llama32_11b/final,30314
vlm_medgemma_4b,ok,0.9473684210526316,1.0,0.14066444587761862,0.34146413834517164,0.3401045462127445,checkpoints/vlm_medgemma_4b/final,12067
dinov2_seed4,ok,0.7761194029850746,0.7561643835616438,0.6891645712811938,0.7828795089526326,0.7822321861710662,checkpoints/weekend/dinov2_seed4/epoch=02-val/loss=0.0845.ckpt,7777
dinov2_seed3,ok,0.7473002159827213,0.8206106870229006,0.8588708608337796,0.9339641531789319,0.9190887805253302,checkpoints/weekend/dinov2_seed3/epoch=04-val/loss=0.0821.ckpt,7822
dec_m_medgemma27b_s1,finetune_fail_rc137,,,,,,,4939
dec_m_openbiollm70b_s1,finetune_fail_rc1,,,,,,,6041
cb_base3_s3,finetune_fail_rc137,,,,,,,14817
cb_base3_s1,finetune_fail_rc137,,,,,,,15311
cb_desc9_s3,finetune_fail_rc137,,,,,,,25061
cb_desc9_s1,finetune_fail_rc137,,,,,,,26114
cb_base3_s1,finetune_fail_rc137,,,,,,,2011
cb_base3_s3,finetune_fail_rc137,,,,,,,2286
cb_desc9_s1,finetune_fail_rc137,,,,,,,3262
cb_desc9_s2,finetune_fail_rc137,,,,,,,3454
cb_desc9_s1,finetune_fail_rc137,,,,,,,1077
cb_base3_s1,finetune_fail_rc137,,,,,,,1186
dec_m_medgemma27b_s1,finetune_fail_rc1,,,,,,,1268
dec_m_openbiollm70b_s1,finetune_fail_rc137,,,,,,,1873
cb_desc9_s2,finetune_fail_rc137,,,,,,,1402
cb_base3_s2,finetune_fail_rc137,,,,,,,1294
enc_dinov3_L_s1,finetune_fail_rc137,,,,,,,1599
cb_base3_s3,finetune_fail_rc137,,,,,,,1563
cb_desc9_s3,ok,0.7327935222672065,0.64,0.23647364123061562,0.40338742134704947,0.4265840128225041,checkpoints/weekend/cb_desc9_s3/epoch=00-val/loss=0.0934.ckpt,2469
enc_dinov2_giant_s2,finetune_fail_rc137,,,,,,,6326
enc_dinov3_L_s3,finetune_fail_rc137,,,,,,,7108
enc_dinov3_L_s2,ok,0.748792270531401,0.8240534521158129,0.8171209021037376,0.8942475920908688,0.881901198138272,checkpoints/weekend/enc_dinov3_L_s2/epoch=02-val/loss=0.0850.ckpt,8577
enc_dinov2_giant_s3,ok,0.751592356687898,0.7397260273972603,0.26193997225514437,0.4144663678542567,0.44162637439728064,checkpoints/weekend/enc_dinov2_giant_s3/epoch=00-val/loss=0.0874.ckpt,8696
enc_dinov2_giant_s1,ok,0.7337526205450734,0.4096385542168675,0.3859711886810343,0.5526319497218383,0.5484563658704278,checkpoints/weekend/enc_dinov2_giant_s1/epoch=03-val/loss=0.0821.ckpt,10016
enc_raddino_s1,ok,0.7418655097613883,0.7726269315673288,0.8189827458375462,0.8977050180101203,0.8875833825668831,checkpoints/weekend/enc_raddino_s1/epoch=02-val/loss=0.0770.ckpt,13428
enc_raddino_s3,ok,0.7142857142857142,0.8126315789473685,0.8263571727679127,0.9049275467142486,0.88944218938037,checkpoints/weekend/enc_raddino_s3/epoch=01-val/loss=0.0849.ckpt,9314
enc_raddino_s2,ok,0.7533632286995515,0.7101827676240209,0.8054425215860204,0.8868858567848185,0.8770050473921692,checkpoints/weekend/enc_raddino_s2/epoch=02-val/loss=0.0808.ckpt,12351
enc_in21k_L_s1,finetune_fail_rc137,,,,,,,5391
enc_eva02_L_s1,ok,0.7182044887780549,0.7999999999999999,0.8504609288182167,0.9274965034874131,0.9144816039867457,checkpoints/weekend/enc_eva02_L_s1/epoch=00-val/loss=0.0770.ckpt,12584
enc_eva02_L_s2,ok,0.7285067873303167,0.7584745762711863,0.8510700187221807,0.9275017421777144,0.914219215812194,checkpoints/weekend/enc_eva02_L_s2/epoch=00-val/loss=0.0857.ckpt,13633
enc_eva02_L_s3,ok,0.7790432801822323,0.7889908256880733,0.7680022935345893,0.8554581540981385,0.8430299373797514,checkpoints/weekend/enc_eva02_L_s3/epoch=01-val/loss=0.0824.ckpt,14130
dec_m_medgemma27b_s1,finetune_fail_rc1,,,,,,,480
dec_m_openbiollm70b_s1,finetune_fail_rc1,,,,,,,1172
dec_m_medgemma27b_s1,finetune_fail_rc1,,,,,,,691
dec_m_openbiollm70b_s1,finetune_fail_rc1,,,,,,,1010
cb_desc9_s3,skip,0.7327935222672065,0.64,0.23647364123061562,0.40338742134704947,0.4265840128225041,,
cb_base3_s1,ok,0.7173489278752436,0.8100775193798451,0.8420492501033942,0.9243648117933108,0.9116754608109112,checkpoints/weekend/cb_base3_s1/epoch=03-val/loss=0.0819.ckpt,6768
enc_dinov3_L_s2,skip,0.748792270531401,0.8240534521158129,0.8171209021037376,0.8942475920908688,0.881901198138272,,
enc_dinov3_L_s1,ok,0.782608695652174,0.819607843137255,0.8586234473536053,0.9287081884672191,0.9171616020008484,checkpoints/weekend/enc_dinov3_L_s1/epoch=01-val/loss=0.0846.ckpt,6572
enc_dinov2_giant_s1,skip,0.7337526205450734,0.4096385542168675,0.3859711886810343,0.5526319497218383,0.5484563658704278,,
cb_desc9_s2,ok,0.7510204081632653,0.8007590132827325,0.850026240560862,0.9285379071941178,0.9157598299905501,checkpoints/weekend/cb_desc9_s2/epoch=02-val/loss=0.0880.ckpt,7018
enc_dinov2_giant_s3,skip,0.751592356687898,0.7397260273972603,0.26193997225514437,0.4144663678542567,0.44162637439728064,,
enc_raddino_s1,skip,0.7418655097613883,0.7726269315673288,0.8189827458375462,0.8977050180101203,0.8875833825668831,,
enc_raddino_s2,skip,0.7533632286995515,0.7101827676240209,0.8054425215860204,0.8868858567848185,0.8770050473921692,,
enc_raddino_s3,skip,0.7142857142857142,0.8126315789473685,0.8263571727679127,0.9049275467142486,0.88944218938037,,
enc_eva02_L_s1,skip,0.7182044887780549,0.7999999999999999,0.8504609288182167,0.9274965034874131,0.9144816039867457,,
enc_eva02_L_s2,skip,0.7285067873303167,0.7584745762711863,0.8510700187221807,0.9275017421777144,0.914219215812194,,
enc_eva02_L_s3,skip,0.7790432801822323,0.7889908256880733,0.7680022935345893,0.8554581540981385,0.8430299373797514,,
cb_desc9_s1,ok,0.734966592427617,0.8089430894308942,0.8408023794344127,0.9180211393197368,0.9050733960107188,checkpoints/weekend/cb_desc9_s1/epoch=03-val/loss=0.0806.ckpt,7833
cb_base3_s2,ok,0.7119341563786008,0.8135593220338982,0.7944221178712971,0.8902096717917952,0.8696819026015455,checkpoints/weekend/cb_base3_s2/epoch=02-val/loss=0.0837.ckpt,7220
cb_base3_s3,ok,0.7264770240700219,0.8202020202020203,0.8351558702825352,0.9198461679499574,0.9050112743267864,checkpoints/weekend/cb_base3_s3/epoch=04-val/loss=0.0847.ckpt,7414
enc_in21k_L_s1,ok,0.7451820128479657,0.8090349075975359,0.8262541359075708,0.9078157803840388,0.8939280116842709,checkpoints/weekend/enc_in21k_L_s1/epoch=04-val/loss=0.0820.ckpt,7316
enc_siglip_L_s1,ok,0.7479674796747967,0.8044692737430168,0.8442493904841156,0.9242741448371232,0.9075846705650356,checkpoints/weekend/enc_siglip_L_s1/epoch=04-val/loss=0.0779.ckpt,7032
enc_dinov3_L_s3,ok,0.7933194154488518,0.7582089552238805,0.7323707224293932,0.8263206640145668,0.816496393628288,checkpoints/weekend/enc_dinov3_L_s3/epoch=01-val/loss=0.0799.ckpt,8696
enc_dinov2_giant_s2,ok,0.7402597402597403,0.6190476190476191,0.5788419497443358,0.6948640113009048,0.6971377237905769,checkpoints/weekend/enc_dinov2_giant_s2/epoch=02-val/loss=0.0801.ckpt,8155
enc_in21k_L_s3,ok,0.779874213836478,0.8098434004474272,0.7914845435583211,0.8774366002464375,0.86373038573079,checkpoints/weekend/enc_in21k_L_s3/epoch=03-val/loss=0.0857.ckpt,7964
enc_in21k_L_s2,ok,0.7517084282460137,0.7886710239651415,0.8230096272676468,0.9042738419541246,0.8902919056893039,checkpoints/weekend/enc_in21k_L_s2/epoch=01-val/loss=0.0779.ckpt,8760
dec_m_biomedlm2b_s2,ok,0.7472527472527472,0.7458432304038004,0.7789569787419849,0.8698010850362076,0.8535893129697383,checkpoints/weekend/dec_m_biomedlm2b_s2/epoch=03-val/loss=0.3250.ckpt,4772
dec_m_biomedlm2b_s1,ok,0.7510373443983402,0.75,0.7132226426330934,0.8135627773956543,0.803683685157284,checkpoints/weekend/dec_m_biomedlm2b_s1/epoch=06-val/loss=0.3268.ckpt,5768
dec_m_biomedlm2b_s3,ok,0.7334754797441364,0.7918367346938775,0.8217358522889441,0.908791247870246,0.8931189418128038,checkpoints/weekend/dec_m_biomedlm2b_s3/epoch=08-val/loss=0.3261.ckpt,6382
enc_siglip_L_s3,ok,0.6821052631578948,0.7727272727272728,0.7655863282423077,0.8641872586623697,0.8471755698877528,checkpoints/weekend/enc_siglip_L_s3/epoch=03-val/loss=0.0777.ckpt,7701
enc_siglip_L_s2,ok,0.734020618556701,0.8011527377521613,0.661583662241142,0.7692722100320109,0.7583824021211989,checkpoints/weekend/enc_siglip_L_s2/epoch=03-val/loss=0.0804.ckpt,8376
dec_m_medgemma4b_s1,ok,0.7476635514018691,0.811214953271028,0.24270598111161987,0.7281001392297644,0.5385563163952183,checkpoints/weekend/dec_m_medgemma4b_s1/epoch=04-val/loss=0.0935.ckpt,11529
dec_m_medgemma4b_s2,ok,0.7225806451612903,0.8135593220338984,0.23684114520184446,0.7243240095327916,0.5369582115181455,checkpoints/weekend/dec_m_medgemma4b_s2/epoch=05-val/loss=0.0912.ckpt,10478
dec_m_qwen7b_s2,ok,0.7477876106194691,0.8692307692307693,0.18887217783739624,0.582794609386762,0.35156138160157935,checkpoints/weekend/dec_m_qwen7b_s2/epoch=02-val/loss=0.0850.ckpt,8149
dec_m_qwen7b_s3,ok,0.7544642857142857,0.7603305785123967,0.1623349446326308,0.494315231828889,0.3120912000217871,checkpoints/weekend/dec_m_qwen7b_s3/epoch=02-val/loss=0.0852.ckpt,8245
dec_m_medgemma4b_s3,ok,0.719047619047619,0.8142589118198873,0.24246881476828805,0.7414407895297309,0.5468744877259298,checkpoints/weekend/dec_m_medgemma4b_s3/epoch=02-val/loss=0.0924.ckpt,11754
dec_m_openbiollm8b_s1,ok,0.7494456762749446,0.8387096774193548,0.5735983247142928,0.6996821160783878,0.6833601893405037,checkpoints/weekend/dec_m_openbiollm8b_s1/epoch=01-val/loss=0.0873.ckpt,9393
dec_m_openbiollm8b_s3,ok,0.7468354430379747,0.819672131147541,0.7961227186902657,0.8853517946801798,0.8704011689673458,checkpoints/weekend/dec_m_openbiollm8b_s3/epoch=01-val/loss=0.0850.ckpt,7115
dec_m_openbiollm8b_s2,ok,0.7478632478632479,0.7853881278538812,0.7080587581695952,0.8106947535522014,0.7906557951290383,checkpoints/weekend/dec_m_openbiollm8b_s2/epoch=03-val/loss=0.0863.ckpt,7440
dec_m_qwen7b_s1,ok,0.7432432432432432,0.7933884297520661,0.24628917887337404,0.6881784768960092,0.4232062713550669,checkpoints/weekend/dec_m_qwen7b_s1/epoch=03-val/loss=0.0827.ckpt,19606
cb_desc9_s1,skip,0.734966592427617,0.8089430894308942,0.8408023794344127,0.9180211393197368,0.9050733960107188,,
cb_base3_s1,skip,0.7173489278752436,0.8100775193798451,0.8420492501033942,0.9243648117933108,0.9116754608109112,,
cb_desc9_s2,skip,0.7510204081632653,0.8007590132827325,0.850026240560862,0.9285379071941178,0.9157598299905501,,
cb_base3_s2,skip,0.7119341563786008,0.8135593220338982,0.7944221178712971,0.8902096717917952,0.8696819026015455,,
cb_base3_s3,skip,0.7264770240700219,0.8202020202020203,0.8351558702825352,0.9198461679499574,0.9050112743267864,,
cb_desc9_s3,skip,0.7327935222672065,0.64,0.23647364123061562,0.40338742134704947,0.4265840128225041,,
enc_dinov3_L_s1,skip,0.782608695652174,0.819607843137255,0.8586234473536053,0.9287081884672191,0.9171616020008484,,
enc_dinov3_L_s3,skip,0.7933194154488518,0.7582089552238805,0.7323707224293932,0.8263206640145668,0.816496393628288,,
enc_dinov2_giant_s1,skip,0.7337526205450734,0.4096385542168675,0.3859711886810343,0.5526319497218383,0.5484563658704278,,
enc_dinov3_L_s2,skip,0.748792270531401,0.8240534521158129,0.8171209021037376,0.8942475920908688,0.881901198138272,,
enc_dinov2_giant_s2,skip,0.7402597402597403,0.6190476190476191,0.5788419497443358,0.6948640113009048,0.6971377237905769,,
enc_dinov2_giant_s3,skip,0.751592356687898,0.7397260273972603,0.26193997225514437,0.4144663678542567,0.44162637439728064,,
enc_raddino_s2,skip,0.7533632286995515,0.7101827676240209,0.8054425215860204,0.8868858567848185,0.8770050473921692,,
enc_raddino_s3,skip,0.7142857142857142,0.8126315789473685,0.8263571727679127,0.9049275467142486,0.88944218938037,,
enc_raddino_s1,skip,0.7418655097613883,0.7726269315673288,0.8189827458375462,0.8977050180101203,0.8875833825668831,,
enc_eva02_L_s1,skip,0.7182044887780549,0.7999999999999999,0.8504609288182167,0.9274965034874131,0.9144816039867457,,
enc_eva02_L_s2,skip,0.7285067873303167,0.7584745762711863,0.8510700187221807,0.9275017421777144,0.914219215812194,,
enc_in21k_L_s2,skip,0.7517084282460137,0.7886710239651415,0.8230096272676468,0.9042738419541246,0.8902919056893039,,
enc_eva02_L_s3,skip,0.7790432801822323,0.7889908256880733,0.7680022935345893,0.8554581540981385,0.8430299373797514,,
enc_siglip_L_s1,skip,0.7479674796747967,0.8044692737430168,0.8442493904841156,0.9242741448371232,0.9075846705650356,,
enc_in21k_L_s1,skip,0.7451820128479657,0.8090349075975359,0.8262541359075708,0.9078157803840388,0.8939280116842709,,
enc_in21k_L_s3,skip,0.779874213836478,0.8098434004474272,0.7914845435583211,0.8774366002464375,0.86373038573079,,
enc_siglip_L_s3,skip,0.6821052631578948,0.7727272727272728,0.7655863282423077,0.8641872586623697,0.8471755698877528,,
enc_siglip_L_s2,skip,0.734020618556701,0.8011527377521613,0.661583662241142,0.7692722100320109,0.7583824021211989,,
dec_m_biomedlm2b_s1,skip,0.7510373443983402,0.75,0.7132226426330934,0.8135627773956543,0.803683685157284,,
dec_m_biomedlm2b_s2,skip,0.7472527472527472,0.7458432304038004,0.7789569787419849,0.8698010850362076,0.8535893129697383,,
dec_m_medgemma4b_s1,skip,0.7476635514018691,0.811214953271028,0.24270598111161987,0.7281001392297644,0.5385563163952183,,
dec_m_qwen7b_s2,skip,0.7477876106194691,0.8692307692307693,0.18887217783739624,0.582794609386762,0.35156138160157935,,
dec_m_medgemma4b_s2,skip,0.7225806451612903,0.8135593220338984,0.23684114520184446,0.7243240095327916,0.5369582115181455,,
dec_m_openbiollm8b_s1,skip,0.7494456762749446,0.8387096774193548,0.5735983247142928,0.6996821160783878,0.6833601893405037,,
dec_m_qwen7b_s3,skip,0.7544642857142857,0.7603305785123967,0.1623349446326308,0.494315231828889,0.3120912000217871,,
dec_m_biomedlm2b_s3,skip,0.7334754797441364,0.7918367346938775,0.8217358522889441,0.908791247870246,0.8931189418128038,,
dec_m_medgemma4b_s3,skip,0.719047619047619,0.8142589118198873,0.24246881476828805,0.7414407895297309,0.5468744877259298,,
dec_m_qwen7b_s1,skip,0.7432432432432432,0.7933884297520661,0.24628917887337404,0.6881784768960092,0.4232062713550669,,
dec_m_openbiollm8b_s3,skip,0.7468354430379747,0.819672131147541,0.7961227186902657,0.8853517946801798,0.8704011689673458,,
dec_m_openbiollm8b_s2,skip,0.7478632478632479,0.7853881278538812,0.7080587581695952,0.8106947535522014,0.7906557951290383,,
dec_m_medgemma27b_s1,ok,0.746450304259635,0.8320802005012531,0.19881158559969603,0.570251877454543,0.38953699631191363,checkpoints/weekend/dec_m_medgemma27b_s1/epoch=00-val/loss=0.1266.ckpt,22258
dec_m_openbiollm70b_s1,ok,0.7473903966597076,0.8132780082987552,0.7844237172654062,0.873509473514663,0.8532420931140781,checkpoints/weekend/dec_m_openbiollm70b_s1/epoch=02-val/loss=0.1001.ckpt,30987
